<?xml version="1.0" encoding="UTF-8"?>
<component xmlns="http://www.opensource-socialnetwork.org/v/3.0">
	<name>Bio</name>
	<id>bio</id>
	<description>adds a bio tab on member profiles</description>
	<author>Michael Zülsdorff</author>
	<author_url>https://comz.z-mans.net/</author_url>
	<license>GNU General Public License v2</license>
	<license_url>https://www.gnu.de/documents/gpl-2.0.en.html</license_url>
	<version>6.6-allon-proit-custom</version>
	<requires>
		<type>ossn_version</type>
		<version>5.6</version>
	</requires>
	<requires>
		<type>ossn_component</type>
		<name>OssnProfile</name>
		<version>5.3</version>
	</requires>	
	<requires>
		<type>ossn_component</type>
		<name>TextareaSupport</name>
		<version>2.11</version>
	</requires>	
</component>
